text,label
"The instructor explains concepts clearly",positive
"The module is confusing and rushed",negative
"The course is okay",neutral
"I really enjoyed the interactive sessions",positive
"The pace of the course is too fast",negative
"Materials are sufficient but could be better",neutral
"Lectures are very informative and engaging",positive
"Assignments are unclear and stressful",negative
"The content is average",neutral
"The teacher provides helpful examples",positive
"The online platform is buggy and slow",negative
"Class sessions are neither good nor bad",neutral
"I feel confident with the topics covered",positive
"I struggle to understand the readings",negative
"The lectures are acceptable",neutral
"Instructor encourages participation",positive
"Exams are unfairly difficult",negative
"Course structure is fine",neutral
"The course helped me improve my skills",positive
"There is too much irrelevant information",negative
"The module is somewhat useful",neutral
"Instructor is approachable and supportive",positive
"Feedback on assignments is delayed",negative
"I find the content okay",neutral
"I learned a lot from group activities",positive
"The examples provided are confusing",negative
"The workload is manageable",neutral
"Teaching style is excellent",positive
"The resources provided are insufficient",negative
"The module meets basic requirements",neutral
"Instructor motivates students effectively",positive
"Communication during lectures is poor",negative
"Overall, the course is just average",neutral
"I enjoy the practical exercises",positive
"Slides are messy and hard to follow",negative
"The readings are somewhat helpful",neutral
"I understand the concepts well",positive
"Some topics are outdated",negative
"The lessons are adequate",neutral
"Instructor gives constructive feedback",positive
"The lab sessions are confusing",negative
"Course pace is acceptable",neutral
"I feel prepared for exams",positive
"Grading is inconsistent",negative
"The overall module is satisfactory",neutral
"The learning environment is positive",positive
"Instructions are often unclear",negative
"Course content is average",neutral
"I appreciate the real-world examples",positive
"Too many assignments with tight deadlines",negative
"The module is okay overall",neutral
"I enjoy the class discussions",positive
"The slides are hard to read",negative
"The course is neither bad nor great",neutral
"The instructor is patient and understanding",positive
"There is lack of clarity in objectives",negative
"I think the course is just fine",neutral
"I gained new skills and knowledge",positive
"Some instructions are ambiguous",negative
"The module meets expectations",neutral
"Instructor encourages critical thinking",positive
"Lectures are monotonous",negative
"Course delivery is acceptable",neutral
"I feel motivated to learn",positive
"Explanations are sometimes unclear",negative
"The material is okay",neutral
"The teacher is very knowledgeable",positive
"I feel lost during certain topics",negative
"The course is moderately useful",neutral
"Instructor provides timely help",positive
"Assignments are too difficult",negative
"Lessons are sufficient",neutral
"I find the lectures inspiring",positive
"The course feels disorganized",negative
"The learning experience is average",neutral
"Instructor is enthusiastic and clear",positive
"Some content is redundant",negative
"Module content is acceptable",neutral
"I learned practical skills applicable to my field",positive
"The pace is overwhelming",negative
"Overall, the module is fine",neutral
"I enjoy the collaborative activities",positive
"The instructions are confusing",negative
"The course is neutral in impact",neutral
"Instructor explains topics thoroughly",positive
"Some assignments are irrelevant",negative
"The module structure is okay",neutral
"The class is engaging and interactive",positive
"Exams do not reflect the lessons",negative
"The course meets minimum requirements",neutral
"I feel confident applying what I learned",positive
"Sometimes lectures are hard to follow",negative
"Module content is acceptable",neutral
"Instructor is approachable for questions",positive
"Course materials are outdated",negative
"The overall experience is average",neutral
"The feedback provided is constructive",positive
"Instructions lack clarity",negative
"The module is moderately helpful",neutral
"Instructor encourages creativity",positive
"Class discussions are not productive",negative
"The course is just satisfactory",neutral
"I am motivated by the course content",positive
"Some lectures are too theoretical",negative
"The module provides basic understanding",neutral
"The teaching style is effective",positive
"Exams are confusing and stressful",negative
"Lessons are somewhat clear",neutral
"I feel supported in learning",positive
"The pace is too slow",negative
"The module is acceptable",neutral
"Instructor provides clear explanations",positive
"Assignments are unclear and excessive",negative
"The course is average",neutral
"I gained valuable knowledge",positive
"Some instructions are misleading",negative
"The module content is fine",neutral
"I enjoy hands-on activities",positive
"Feedback is not timely",negative
"Overall, the course is okay",neutral
"Instructor makes learning enjoyable",positive
"The platform is difficult to navigate",negative
"Module content is neutral",neutral
"The instructorâ€™s passion for the subject is contagious",positive
"I feel I have truly mastered the core concepts",positive
"The practical examples made the theory very easy to grasp",positive
"Highly recommend this module to anyone in the field",positive
"The guest speakers provided excellent industry insights",positive
"Support for students is outstanding in this course",positive
"The curriculum is well-organized and stays up to date",positive
"I appreciated the depth of the research materials provided",positive
"The assignments were challenging but extremely rewarding",positive
"Everything was explained in a logical and helpful manner",positive
"The workshop sessions were the highlight of the week",positive
"I feel much more prepared for my career after this",positive
"The teacher goes above and beyond to help students",positive
"The learning outcomes were clearly achieved",positive
"Great balance between individual work and group work",positive
"The digital resources are top-notch and easy to use",positive
"I loved the interactive quizzes at the end of each topic",positive
"The feedback was detailed and helped me improve quickly",positive
"This course exceeded my expectations in every way",positive
"A very inclusive and encouraging learning environment",positive
"The course follows the syllabus exactly as described",neutral
"The workload is standard for a module of this level",neutral
"The content is exactly what I expected from the title",neutral
"It is a typical introductory course with regular topics",neutral
"The lectures are neither too long nor too short",neutral
"The difficulty of the exams is fair and expected",neutral
"Most of the material can be found in the textbook",neutral
"The pacing of the lessons is generally consistent",neutral
"The course covers the basics without going too deep",neutral
"I had no major issues with the module structure",neutral
"The teaching style is quite traditional",neutral
"The assignments were of average difficulty",neutral
"The module provides a standard overview of the subject",neutral
"My experience with this course was ordinary",neutral
"The materials provided are sufficient for passing",neutral
"The online portal functions as intended most of the time",neutral
"The classroom environment is standard",neutral
"The course is essentially a repeat of the prerequisites",neutral
"I found the topics to be moderately interesting",neutral
"The instructor follows the slides closely",neutral
"The grading system is very confusing and unfair",negative
"I felt completely disconnected from the course material",negative
"The audio quality in the recordings is terrible",negative
"Assignments are given without enough time to finish",negative
"The instructor is often late and seems unprepared",negative
"The course feels like a waste of time and money",negative
"I am struggling because the basics were never explained",negative
"The textbook is outdated and irrelevant to modern needs",negative
"There is a complete lack of support for remote students",negative
"The group project was a nightmare due to poor planning",negative
"The syllabus is misleading about what we actually learn",negative
"I feel overwhelmed by the sheer volume of reading",negative
"The teacher dismisses student questions during class",negative
"The exam questions were about things never covered",negative
"The software required for the course is broken",negative
"The lessons are repetitive and don't progress",negative
"I feel more confused now than before I started",negative
"The feedback on my work was vague and unhelpful",negative
"The learning platform crashed during my final test",negative
"The instructions for the project were a mess",negative